{"JointAcc": 0, "TurnAcc": 0, "JointF1": 0, "_timestamp": 1666966217.027665, "_runtime": 13.568147897720337, "_step": 0, "_wandb": {"runtime": 10}}