{
    "Joint Acc": 0.09580838323353294,
    "Turn Acc": 0.43263473053892215,
    "Joint F1": 0.09580838323353294
}