{
    "escai-genre": [
        334,
        115,
        0.344311377245509
    ],
    "escai-instrument": [
        334,
        158,
        0.47305389221556887
    ],
    "escai-apifunction": [
        334,
        219,
        0.655688622754491
    ],
    "escai-codeconstruct": [
        334,
        185,
        0.5538922155688623
    ]
}