{"JointAcc": 0, "TurnAcc": 0, "JointF1": 0, "_timestamp": 1666965782.5648994, "_runtime": 211.94585251808167, "_step": 0, "_wandb": {"runtime": 211}}