{"_step": 0, "JointF1": 0, "TurnAcc": 0, "JointAcc": 0, "_runtime": 13.568147897720335, "_timestamp": 1666966217.027665, "_wandb": {"runtime": 19}}