{"JointAcc": 0.24307692307692308, "TurnAcc": 0.7087179487179479, "JointF1": 0.4458461538461538, "_timestamp": 1666974254.8358285, "_runtime": 334.07473158836365, "_step": 0, "_wandb": {"runtime": 332}}