{"JointAcc": 0, "TurnAcc": 0, "JointF1": 0, "_timestamp": 1666966111.4733248, "_runtime": 38.94238471984863, "_step": 0, "_wandb": {"runtime": 9}}