{"_step": 1, "JointF1": 0.4458461538461538, "TurnAcc": 0.7087179487179479, "JointAcc": 0.24307692307692308, "_runtime": 73.1152732372284, "_timestamp": 1666966937.8220782, "_wandb": {"runtime": 64}}