{
    "attraction-area": [
        325,
        209,
        0.6430769230769231
    ],
    "attraction-name": [
        325,
        239,
        0.7353846153846154
    ],
    "attraction-type": [
        325,
        243,
        0.7476923076923077
    ]
}