{
    "JointAcc": 0.24307692307692308,
    "TurnAcc": 0.7087179487179479,
    "JointF1": 0.4458461538461538
}