{
    "NegoChat-Working Hours": [
        219,
        204,
        0.9315068493150684
    ],
    "NegoChat-Pension Fund": [
        219,
        199,
        0.908675799086758
    ],
    "NegoChat-Job Description": [
        219,
        180,
        0.821917808219178
    ],
    "NegoChat-Promotion Possibilities": [
        219,
        199,
        0.908675799086758
    ],
    "NegoChat-Salary": [
        219,
        176,
        0.8036529680365296
    ],
    "NegoChat-Leased Car": [
        219,
        170,
        0.776255707762557
    ]
}