{
    "JointAcc": 0.5296803652968036,
    "TurnAcc": 0.8584474885844756,
    "JointF1": 0.8011807573451413
}