{
    "Joint Acc": 0.03293413173652695,
    "Turn Acc": 0.7057702776265617,
    "Joint F1": 0.11941830624465358
}