{
    "escai-genre": [
        334,
        250,
        0.7485029940119761
    ],
    "escai-instrument": [
        334,
        101,
        0.3023952095808383
    ],
    "escai-apifunction": [
        334,
        154,
        0.46107784431137727
    ],
    "escai-codeconstruct": [
        334,
        108,
        0.32335329341317365
    ],
    "attraction-area": [
        334,
        210,
        0.6287425149700598
    ],
    "attraction-name": [
        334,
        244,
        0.7305389221556886
    ],
    "attraction-type": [
        334,
        289,
        0.8652694610778443
    ],
    "taxi-leaveat": [
        334,
        334,
        1.0
    ],
    "taxi-destination": [
        334,
        334,
        1.0
    ],
    "taxi-departure": [
        334,
        334,
        1.0
    ],
    "taxi-arriveby": [
        334,
        334,
        1.0
    ]
}